id,n_shapes,n_dimensions,noise,image,label,split
0031,4,13,noisy,output_v5\images\drawing_0031.png,output_v5\labels\drawing_0031.json,train
0001,4,10,clean,output_v5\images\drawing_0001.png,output_v5\labels\drawing_0001.json,train
0089,4,13,slight,output_v5\images\drawing_0089.png,output_v5\labels\drawing_0089.json,train
0086,5,13,heavy,output_v5\images\drawing_0086.png,output_v5\labels\drawing_0086.json,train
0097,5,13,noisy,output_v5\images\drawing_0097.png,output_v5\labels\drawing_0097.json,train
0083,4,12,slight,output_v5\images\drawing_0083.png,output_v5\labels\drawing_0083.json,train
0028,6,17,clean,output_v5\images\drawing_0028.png,output_v5\labels\drawing_0028.json,train
0023,5,14,slight,output_v5\images\drawing_0023.png,output_v5\labels\drawing_0023.json,train
0071,6,15,slight,output_v5\images\drawing_0071.png,output_v5\labels\drawing_0071.json,train
0027,4,13,noisy,output_v5\images\drawing_0027.png,output_v5\labels\drawing_0027.json,train
0026,6,14,heavy,output_v5\images\drawing_0026.png,output_v5\labels\drawing_0026.json,train
0041,5,13,slight,output_v5\images\drawing_0041.png,output_v5\labels\drawing_0041.json,train
0017,6,19,slight,output_v5\images\drawing_0017.png,output_v5\labels\drawing_0017.json,train
0063,6,17,slight,output_v5\images\drawing_0063.png,output_v5\labels\drawing_0063.json,train
0024,6,20,heavy,output_v5\images\drawing_0024.png,output_v5\labels\drawing_0024.json,train
0021,6,20,slight,output_v5\images\drawing_0021.png,output_v5\labels\drawing_0021.json,train
0044,6,17,noisy,output_v5\images\drawing_0044.png,output_v5\labels\drawing_0044.json,train
0073,4,13,noisy,output_v5\images\drawing_0073.png,output_v5\labels\drawing_0073.json,train
0037,6,14,clean,output_v5\images\drawing_0037.png,output_v5\labels\drawing_0037.json,train
0092,5,14,clean,output_v5\images\drawing_0092.png,output_v5\labels\drawing_0092.json,train
0011,4,10,noisy,output_v5\images\drawing_0011.png,output_v5\labels\drawing_0011.json,train
0069,6,17,noisy,output_v5\images\drawing_0069.png,output_v5\labels\drawing_0069.json,train
0050,6,15,heavy,output_v5\images\drawing_0050.png,output_v5\labels\drawing_0050.json,train
0010,6,17,clean,output_v5\images\drawing_0010.png,output_v5\labels\drawing_0010.json,train
0059,4,11,slight,output_v5\images\drawing_0059.png,output_v5\labels\drawing_0059.json,train
0099,5,12,noisy,output_v5\images\drawing_0099.png,output_v5\labels\drawing_0099.json,train
0003,5,15,clean,output_v5\images\drawing_0003.png,output_v5\labels\drawing_0003.json,train
0081,6,21,heavy,output_v5\images\drawing_0081.png,output_v5\labels\drawing_0081.json,train
0072,5,14,clean,output_v5\images\drawing_0072.png,output_v5\labels\drawing_0072.json,train
0062,5,12,slight,output_v5\images\drawing_0062.png,output_v5\labels\drawing_0062.json,train
0000,5,14,noisy,output_v5\images\drawing_0000.png,output_v5\labels\drawing_0000.json,train
0043,5,13,clean,output_v5\images\drawing_0043.png,output_v5\labels\drawing_0043.json,train
0074,6,17,noisy,output_v5\images\drawing_0074.png,output_v5\labels\drawing_0074.json,train
0095,5,16,noisy,output_v5\images\drawing_0095.png,output_v5\labels\drawing_0095.json,train
0060,4,11,noisy,output_v5\images\drawing_0060.png,output_v5\labels\drawing_0060.json,train
0075,4,12,noisy,output_v5\images\drawing_0075.png,output_v5\labels\drawing_0075.json,train
0067,4,11,noisy,output_v5\images\drawing_0067.png,output_v5\labels\drawing_0067.json,train
0091,4,10,clean,output_v5\images\drawing_0091.png,output_v5\labels\drawing_0091.json,train
0016,6,14,heavy,output_v5\images\drawing_0016.png,output_v5\labels\drawing_0016.json,train
0006,5,12,slight,output_v5\images\drawing_0006.png,output_v5\labels\drawing_0006.json,train
0077,5,14,noisy,output_v5\images\drawing_0077.png,output_v5\labels\drawing_0077.json,train
0009,6,17,slight,output_v5\images\drawing_0009.png,output_v5\labels\drawing_0009.json,train
0046,4,11,slight,output_v5\images\drawing_0046.png,output_v5\labels\drawing_0046.json,train
0004,6,19,slight,output_v5\images\drawing_0004.png,output_v5\labels\drawing_0004.json,train
0020,4,10,clean,output_v5\images\drawing_0020.png,output_v5\labels\drawing_0020.json,train
0045,5,12,noisy,output_v5\images\drawing_0045.png,output_v5\labels\drawing_0045.json,train
0036,4,11,noisy,output_v5\images\drawing_0036.png,output_v5\labels\drawing_0036.json,train
0058,4,12,slight,output_v5\images\drawing_0058.png,output_v5\labels\drawing_0058.json,train
0056,5,18,noisy,output_v5\images\drawing_0056.png,output_v5\labels\drawing_0056.json,train
0035,6,18,noisy,output_v5\images\drawing_0035.png,output_v5\labels\drawing_0035.json,train
0052,4,12,slight,output_v5\images\drawing_0052.png,output_v5\labels\drawing_0052.json,train
0040,6,18,noisy,output_v5\images\drawing_0040.png,output_v5\labels\drawing_0040.json,train
0068,5,15,heavy,output_v5\images\drawing_0068.png,output_v5\labels\drawing_0068.json,train
0061,5,13,slight,output_v5\images\drawing_0061.png,output_v5\labels\drawing_0061.json,train
0007,5,15,clean,output_v5\images\drawing_0007.png,output_v5\labels\drawing_0007.json,train
0057,4,13,noisy,output_v5\images\drawing_0057.png,output_v5\labels\drawing_0057.json,train
0055,4,12,noisy,output_v5\images\drawing_0055.png,output_v5\labels\drawing_0055.json,train
0049,6,19,slight,output_v5\images\drawing_0049.png,output_v5\labels\drawing_0049.json,train
0002,5,14,noisy,output_v5\images\drawing_0002.png,output_v5\labels\drawing_0002.json,train
0096,5,15,noisy,output_v5\images\drawing_0096.png,output_v5\labels\drawing_0096.json,train
0088,4,10,clean,output_v5\images\drawing_0088.png,output_v5\labels\drawing_0088.json,train
0025,6,16,heavy,output_v5\images\drawing_0025.png,output_v5\labels\drawing_0025.json,train
0015,4,11,noisy,output_v5\images\drawing_0015.png,output_v5\labels\drawing_0015.json,train
0093,4,11,slight,output_v5\images\drawing_0093.png,output_v5\labels\drawing_0093.json,train
0065,4,12,noisy,output_v5\images\drawing_0065.png,output_v5\labels\drawing_0065.json,train
0082,5,15,heavy,output_v5\images\drawing_0082.png,output_v5\labels\drawing_0082.json,train
0066,4,13,clean,output_v5\images\drawing_0066.png,output_v5\labels\drawing_0066.json,train
0032,5,10,clean,output_v5\images\drawing_0032.png,output_v5\labels\drawing_0032.json,train
0012,5,13,slight,output_v5\images\drawing_0012.png,output_v5\labels\drawing_0012.json,train
0047,6,18,slight,output_v5\images\drawing_0047.png,output_v5\labels\drawing_0047.json,train
0013,4,13,heavy,output_v5\images\drawing_0013.png,output_v5\labels\drawing_0013.json,val
0005,6,17,clean,output_v5\images\drawing_0005.png,output_v5\labels\drawing_0005.json,val
0019,5,14,slight,output_v5\images\drawing_0019.png,output_v5\labels\drawing_0019.json,val
0094,6,15,heavy,output_v5\images\drawing_0094.png,output_v5\labels\drawing_0094.json,val
0076,4,11,heavy,output_v5\images\drawing_0076.png,output_v5\labels\drawing_0076.json,val
0022,6,17,slight,output_v5\images\drawing_0022.png,output_v5\labels\drawing_0022.json,val
0018,5,14,heavy,output_v5\images\drawing_0018.png,output_v5\labels\drawing_0018.json,val
0014,4,11,heavy,output_v5\images\drawing_0014.png,output_v5\labels\drawing_0014.json,val
0085,6,16,clean,output_v5\images\drawing_0085.png,output_v5\labels\drawing_0085.json,val
0034,5,16,heavy,output_v5\images\drawing_0034.png,output_v5\labels\drawing_0034.json,val
0029,5,13,noisy,output_v5\images\drawing_0029.png,output_v5\labels\drawing_0029.json,val
0087,4,11,clean,output_v5\images\drawing_0087.png,output_v5\labels\drawing_0087.json,val
0079,5,13,noisy,output_v5\images\drawing_0079.png,output_v5\labels\drawing_0079.json,val
0048,4,13,slight,output_v5\images\drawing_0048.png,output_v5\labels\drawing_0048.json,val
0090,6,17,heavy,output_v5\images\drawing_0090.png,output_v5\labels\drawing_0090.json,val
0098,4,11,clean,output_v5\images\drawing_0098.png,output_v5\labels\drawing_0098.json,val
0078,6,18,noisy,output_v5\images\drawing_0078.png,output_v5\labels\drawing_0078.json,val
0033,6,17,slight,output_v5\images\drawing_0033.png,output_v5\labels\drawing_0033.json,val
0084,4,13,heavy,output_v5\images\drawing_0084.png,output_v5\labels\drawing_0084.json,val
0070,5,15,slight,output_v5\images\drawing_0070.png,output_v5\labels\drawing_0070.json,test
0064,6,18,noisy,output_v5\images\drawing_0064.png,output_v5\labels\drawing_0064.json,test
0051,5,15,slight,output_v5\images\drawing_0051.png,output_v5\labels\drawing_0051.json,test
0039,4,14,slight,output_v5\images\drawing_0039.png,output_v5\labels\drawing_0039.json,test
0042,6,19,slight,output_v5\images\drawing_0042.png,output_v5\labels\drawing_0042.json,test
0054,6,16,slight,output_v5\images\drawing_0054.png,output_v5\labels\drawing_0054.json,test
0080,6,17,heavy,output_v5\images\drawing_0080.png,output_v5\labels\drawing_0080.json,test
0008,4,14,slight,output_v5\images\drawing_0008.png,output_v5\labels\drawing_0008.json,test
0053,5,16,noisy,output_v5\images\drawing_0053.png,output_v5\labels\drawing_0053.json,test
0030,5,14,noisy,output_v5\images\drawing_0030.png,output_v5\labels\drawing_0030.json,test
0038,5,13,slight,output_v5\images\drawing_0038.png,output_v5\labels\drawing_0038.json,test
